{"cameraMode":{"drawMode":0,"name":"Shaded","section":"Shading Mode"},"sceneLighting":true,"audioPlay":false,"sceneViewState":{"showFog":true,"showMaterialUpdate":false,"showSkybox":true,"showFlares":true,"showImageEffects":true,"showParticleSystems":true},"in2DMode":false,"pivot":{"x":6.052777290344238,"y":12.658551216125489,"z":41.34049606323242},"rotation":{"x":0.33790990710258486,"y":-0.15709708631038667,"z":0.05730614811182022,"w":0.9262475967407227},"size":5.469982147216797,"orthographic":false}