{"cameraMode":{"drawMode":0,"name":"Shaded","section":"Shading Mode"},"sceneLighting":true,"audioPlay":false,"sceneViewState":{"showFog":true,"showMaterialUpdate":false,"showSkybox":true,"showFlares":true,"showImageEffects":true,"showParticleSystems":true},"in2DMode":false,"pivot":{"x":-8.835227966308594,"y":-5.242694854736328,"z":-21.81275177001953},"rotation":{"x":0.060250088572502139,"y":-0.9334578514099121,"z":0.18757976591587068,"w":0.29982659220695498},"size":17.786081314086915,"orthographic":false}