{"cameraMode":{"drawMode":0,"name":"Shaded","section":"Shading Mode"},"sceneLighting":true,"audioPlay":false,"sceneViewState":{"showFog":true,"showMaterialUpdate":false,"showSkybox":true,"showFlares":true,"showImageEffects":true,"showParticleSystems":true},"in2DMode":false,"pivot":{"x":-1.0240182876586915,"y":1.187629222869873,"z":22.339998245239259},"rotation":{"x":0.2766900360584259,"y":-0.6566036343574524,"z":0.28287985920906069,"w":0.6421646475791931},"size":20.110702514648439,"orthographic":false}